[
  {
    "id": 1,
    "surahId": 1,
    "ayahNumber": 1,
    "text": "بِسْمِ اللَّهِ الرَّحْمَٰنِ الرَّحِيمِ",
    "translation": "به نام خداوند بخشنده مهربان",
    "audioUrl": "https://cdn.islamic.network/quran/audio/128/ar.alafasy/1.mp3"
  },
  {
    "id": 2,
    "surahId": 1,
    "ayahNumber": 2,
    "text": "الْحَمْدُ لِلَّهِ رَبِّ الْعَالَمِينَ",
    "translation": "ستایش مخصوص خداوندی است که پروردگار جهانیان است",
    "audioUrl": "https://cdn.islamic.network/quran/audio/128/ar.alafasy/2.mp3"
  },
  {
    "id": 3,
    "surahId": 1,
    "ayahNumber": 3,
    "text": "الرَّحْمَٰنِ الرَّحِيمِ",
    "translation": "بخشنده مهربان",
    "audioUrl": "https://cdn.islamic.network/quran/audio/128/ar.alafasy/3.mp3"
  },
  {
    "id": 4,
    "surahId": 1,
    "ayahNumber": 4,
    "text": "مَالِكِ يَوْمِ الدِّينِ",
    "translation": "صاحب روز جزا",
    "audioUrl": "https://cdn.islamic.network/quran/audio/128/ar.alafasy/4.mp3"
  },
  {
    "id": 5,
    "surahId": 1,
    "ayahNumber": 5,
    "text": "إِيَّاكَ نَعْبُدُ وَإِيَّاكَ نَسْتَعِينُ",
    "translation": "تنها تو را می‌پرستیم و تنها از تو یاری می‌جوییم",
    "audioUrl": "https://cdn.islamic.network/quran/audio/128/ar.alafasy/5.mp3"
  },
  {
    "id": 6,
    "surahId": 1,
    "ayahNumber": 6,
    "text": "اهْدِنَا الصِّرَاطَ الْمُسْتَقِيمَ",
    "translation": "ما را به راه راست هدایت فرما",
    "audioUrl": "https://cdn.islamic.network/quran/audio/128/ar.alafasy/6.mp3"
  },
  {
    "id": 7,
    "surahId": 1,
    "ayahNumber": 7,
    "text": "صِرَاطَ الَّذِينَ أَنْعَمْتَ عَلَيْهِمْ غَيْرِ الْمَغْضُوبِ عَلَيْهِمْ وَلَا الضَّالِّينَ",
    "translation": "راه کسانی که به آنان نعمت داده‌ای، نه راه کسانی که بر آنان خشم گرفته‌ای و نه گمراهان",
    "audioUrl": "https://cdn.islamic.network/quran/audio/128/ar.alafasy/7.mp3"
  }
]
