[
  {
    "id": 1,
    "name": "الفاتحه",
    "nameArabic": "الفاتحة",
    "numberOfAyahs": 7,
    "revelationType": "مکی"
  },
  {
    "id": 2,
    "name": "البقره",
    "nameArabic": "البقرة",
    "numberOfAyahs": 286,
    "revelationType": "مدنی"
  },
  {
    "id": 3,
    "name": "آل عمران",
    "nameArabic": "آل عمران",
    "numberOfAyahs": 200,
    "revelationType": "مدنی"
  },
  {
    "id": 4,
    "name": "النساء",
    "nameArabic": "النساء",
    "numberOfAyahs": 176,
    "revelationType": "مدنی"
  },
  {
    "id": 5,
    "name": "المائده",
    "nameArabic": "المائدة",
    "numberOfAyahs": 120,
    "revelationType": "مدنی"
  }
]
